,Accession,Taxid,0,1,2,3,4,5,6,7,8,9,10,11,12,13,14,15,16,17,18,19,20,21,22,23,24,25,26,27,28,29,30,31,32,33,34
0,GCF_023078275.1,1035111,root,cellular organisms,Eukaryota,Opisthokonta,Metazoa,Eumetazoa,Bilateria,Protostomia,Ecdysozoa,Panarthropoda,Arthropoda,Mandibulata,Pancrustacea,Hexapoda,Insecta,Dicondylia,Pterygota,Neoptera,Endopterygota,Amphiesmenoptera,Lepidoptera,Glossata,Neolepidoptera,Heteroneura,Ditrysia,Apoditrysia,Tortricoidea,Tortricidae,Olethreutinae,Grapholitini,Leguminivora,Leguminivora glycinivorella,,,
1,GCA_933666425.1,104508,root,cellular organisms,Eukaryota,Opisthokonta,Metazoa,Eumetazoa,Bilateria,Protostomia,Ecdysozoa,Panarthropoda,Arthropoda,Mandibulata,Pancrustacea,Hexapoda,Insecta,Dicondylia,Pterygota,Neoptera,Endopterygota,Amphiesmenoptera,Lepidoptera,Glossata,Neolepidoptera,Heteroneura,Ditrysia,Obtectomera,Papilionoidea,Nymphalidae,Nymphalinae,Melitaeini,Euphydryina,Euphydryas,Euphydryas editha,,
2,GCF_002891405.2,105785,root,cellular organisms,Eukaryota,Opisthokonta,Metazoa,Eumetazoa,Bilateria,Protostomia,Ecdysozoa,Panarthropoda,Arthropoda,Mandibulata,Pancrustacea,Hexapoda,Insecta,Dicondylia,Pterygota,Neoptera,Polyneoptera,Dictyoptera,Blattodea,Blattoidea,Termitoidae,Kalotermitidae,Cryptotermitinae,Cryptotermes,Cryptotermes secundus,,,,,,,,
3,GCA_918026665.1,107213,root,cellular organisms,Eukaryota,Opisthokonta,Metazoa,Eumetazoa,Bilateria,Protostomia,Ecdysozoa,Panarthropoda,Arthropoda,Mandibulata,Pancrustacea,Hexapoda,Insecta,Dicondylia,Pterygota,Neoptera,Endopterygota,Coleoptera,Polyphaga,Cucujiformia,Chrysomeloidea,Chrysomelidae,Galerucinae,Luperini,Diabroticina,Diabroticites,Diabrotica,Diabrotica balteata,,,,,
4,GCF_014356525.2,108931,root,cellular organisms,Eukaryota,Opisthokonta,Metazoa,Eumetazoa,Bilateria,Protostomia,Ecdysozoa,Panarthropoda,Arthropoda,Mandibulata,Pancrustacea,Hexapoda,Insecta,Dicondylia,Pterygota,Neoptera,Paraneoptera,Hemiptera,Auchenorrhyncha,Fulgoromorpha,Fulgoroidea,Delphacidae,Delphacinae,Nilaparvata,Nilaparvata lugens,,,,,,,,
5,GCA_933534255.1,110791,root,cellular organisms,Eukaryota,Opisthokonta,Metazoa,Eumetazoa,Bilateria,Protostomia,Ecdysozoa,Panarthropoda,Arthropoda,Mandibulata,Pancrustacea,Hexapoda,Insecta,Dicondylia,Pterygota,Neoptera,Endopterygota,Amphiesmenoptera,Lepidoptera,Glossata,Neolepidoptera,Heteroneura,Ditrysia,Obtectomera,Papilionoidea,Papilionidae,Papilioninae,Leptocircini,Iphiclides,Iphiclides podalirius,,,
6,GCA_907164705.1,110799,root,cellular organisms,Eukaryota,Opisthokonta,Metazoa,Eumetazoa,Bilateria,Protostomia,Ecdysozoa,Panarthropoda,Arthropoda,Mandibulata,Pancrustacea,Hexapoda,Insecta,Dicondylia,Pterygota,Neoptera,Endopterygota,Amphiesmenoptera,Lepidoptera,Glossata,Neolepidoptera,Heteroneura,Ditrysia,Obtectomera,Papilionoidea,Papilionidae,Parnassiinae,Parnassini,Parnassius,Parnassius,Parnassius apollo,,
7,GCF_905220565.1,113334,root,cellular organisms,Eukaryota,Opisthokonta,Metazoa,Eumetazoa,Bilateria,Protostomia,Ecdysozoa,Panarthropoda,Arthropoda,Mandibulata,Pancrustacea,Hexapoda,Insecta,Dicondylia,Pterygota,Neoptera,Endopterygota,Amphiesmenoptera,Lepidoptera,Glossata,Neolepidoptera,Heteroneura,Ditrysia,Obtectomera,Papilionoidea,Nymphalidae,Nymphalinae,Melitaeini,Melitaeina,Melitaea,Melitaea cinxia,,
8,GCF_914767665.1,115357,root,cellular organisms,Eukaryota,Opisthokonta,Metazoa,Eumetazoa,Bilateria,Protostomia,Ecdysozoa,Panarthropoda,Arthropoda,Mandibulata,Pancrustacea,Hexapoda,Insecta,Dicondylia,Pterygota,Neoptera,Endopterygota,Coleoptera,Polyphaga,Cucujiformia,Coccinelloidea,Coccinellidae,Coccinellinae,Coccinellini,Harmonia,Harmonia axyridis,,,,,,,
9,GCF_905163445.1,116150,root,cellular organisms,Eukaryota,Opisthokonta,Metazoa,Eumetazoa,Bilateria,Protostomia,Ecdysozoa,Panarthropoda,Arthropoda,Mandibulata,Pancrustacea,Hexapoda,Insecta,Dicondylia,Pterygota,Neoptera,Endopterygota,Amphiesmenoptera,Lepidoptera,Glossata,Neolepidoptera,Heteroneura,Ditrysia,Obtectomera,Papilionoidea,Nymphalidae,Satyrinae,Satyrini,Parargina,Pararge,Pararge aegeria,,
10,GCF_024364675.1,116153,root,cellular organisms,Eukaryota,Opisthokonta,Metazoa,Eumetazoa,Bilateria,Protostomia,Ecdysozoa,Panarthropoda,Arthropoda,Mandibulata,Pancrustacea,Hexapoda,Insecta,Dicondylia,Pterygota,Neoptera,Endopterygota,Coleoptera,Polyphaga,Cucujiformia,Cucujoidea,Nitidulidae,Nitidulinae,Aethina,Aethina tumida,,,,,,,,
11,GCF_026230105.1,1163346,root,cellular organisms,Eukaryota,Opisthokonta,Metazoa,Eumetazoa,Bilateria,Protostomia,Ecdysozoa,Panarthropoda,Arthropoda,Mandibulata,Pancrustacea,Hexapoda,Insecta,Dicondylia,Pterygota,Neoptera,Endopterygota,Coleoptera,Polyphaga,Cucujiformia,Chrysomeloidea,Chrysomelidae,Galerucinae,Galerucini,Atysites,Diorhabda,Diorhabda sublineata,,,,,,
12,GCF_000475195.1,121845,root,cellular organisms,Eukaryota,Opisthokonta,Metazoa,Eumetazoa,Bilateria,Protostomia,Ecdysozoa,Panarthropoda,Arthropoda,Mandibulata,Pancrustacea,Hexapoda,Insecta,Dicondylia,Pterygota,Neoptera,Paraneoptera,Hemiptera,Sternorrhyncha,Psylloidea,Liviidae,Diaphorina,Diaphorina citri,,,,,,,,,,
13,GCA_000376725.2,123851,root,cellular organisms,Eukaryota,Opisthokonta,Metazoa,Eumetazoa,Bilateria,Protostomia,Ecdysozoa,Panarthropoda,Arthropoda,Mandibulata,Pancrustacea,Hexapoda,Insecta,Dicondylia,Pterygota,Palaeoptera,Odonata,Epiprocta,Anisoptera,Cavilabiata,Libellulidae,Ladona,Ladona fulva,,,,,,,,,,
14,GCA_029963805.1,1265417,root,cellular organisms,Eukaryota,Opisthokonta,Metazoa,Eumetazoa,Bilateria,Protostomia,Ecdysozoa,Panarthropoda,Arthropoda,Mandibulata,Pancrustacea,Hexapoda,Insecta,Dicondylia,Pterygota,Neoptera,Endopterygota,Coleoptera,Polyphaga,Cucujiformia,Chrysomeloidea,Cerambycidae,Cerambycinae,Callichromatini,Aromia,Aromia moschata,,,,,,,
15,GCF_024362695.1,13191,root,cellular organisms,Eukaryota,Opisthokonta,Metazoa,Eumetazoa,Bilateria,Protostomia,Ecdysozoa,Panarthropoda,Arthropoda,Mandibulata,Pancrustacea,Hexapoda,Insecta,Dicondylia,Pterygota,Neoptera,Endopterygota,Amphiesmenoptera,Lepidoptera,Glossata,Neolepidoptera,Heteroneura,Ditrysia,Gelechioidea,Gelechiidae,Apatetrinae,Pectinophora,Pectinophora gossypiella,,,,,
16,GCA_029963825.1,1323400,root,cellular organisms,Eukaryota,Opisthokonta,Metazoa,Eumetazoa,Bilateria,Protostomia,Ecdysozoa,Panarthropoda,Arthropoda,Mandibulata,Pancrustacea,Hexapoda,Insecta,Dicondylia,Pterygota,Neoptera,Endopterygota,Coleoptera,Polyphaga,Cucujiformia,Chrysomeloidea,Cerambycidae,Lamiinae,Monochamini,Molorchus,Molorchus minor,,,,,,,
17,GCF_000697945.3,133901,root,cellular organisms,Eukaryota,Opisthokonta,Metazoa,Eumetazoa,Bilateria,Protostomia,Ecdysozoa,Panarthropoda,Arthropoda,Mandibulata,Pancrustacea,Hexapoda,Insecta,Dicondylia,Pterygota,Neoptera,Paraneoptera,Thysanoptera,Terebrantia,Thripoidea,Thripidae,Thripinae,Frankliniella,Frankliniella occidentalis,,,,,,,,,
18,GCA_032403825.1,1348599,root,cellular organisms,Eukaryota,Opisthokonta,Metazoa,Eumetazoa,Bilateria,Protostomia,Ecdysozoa,Panarthropoda,Arthropoda,Mandibulata,Pancrustacea,Hexapoda,Insecta,Dicondylia,Pterygota,Neoptera,Endopterygota,Hymenoptera,Apocrita,Aculeata,Vespoidea,Vespidae,Eumeninae,Odynerus,Odynerus spinipes,,,,,,,,
19,GCF_000696155.1,136037,root,cellular organisms,Eukaryota,Opisthokonta,Metazoa,Eumetazoa,Bilateria,Protostomia,Ecdysozoa,Panarthropoda,Arthropoda,Mandibulata,Pancrustacea,Hexapoda,Insecta,Dicondylia,Pterygota,Neoptera,Polyneoptera,Dictyoptera,Blattodea,Blattoidea,Termitoidae,Termopsidae,Termopsinae,Termopsini,Zootermopsis,Zootermopsis nevadensis,,,,,,,
20,GCA_921294245.1,1431903,root,cellular organisms,Eukaryota,Opisthokonta,Metazoa,Eumetazoa,Bilateria,Protostomia,Ecdysozoa,Panarthropoda,Arthropoda,Mandibulata,Pancrustacea,Hexapoda,Insecta,Dicondylia,Pterygota,Neoptera,Endopterygota,Coleoptera,Polyphaga,Cucujiformia,Cucujoidea,Nitidulidae,Meligethinae,Brassicogethes,Brassicogethes aeneus,,,,,,,,
21,GCA_005406025.1,151549,root,cellular organisms,Eukaryota,Opisthokonta,Metazoa,Eumetazoa,Bilateria,Protostomia,Ecdysozoa,Panarthropoda,Arthropoda,Mandibulata,Pancrustacea,Hexapoda,Insecta,Dicondylia,Pterygota,Neoptera,Endopterygota,Amphiesmenoptera,Lepidoptera,Glossata,Neolepidoptera,Heteroneura,Ditrysia,Tineoidea,Psychidae,Oiketicinae,Eumeta,Eumeta japonica,,,,,
22,GCA_029963845.1,1586634,root,cellular organisms,Eukaryota,Opisthokonta,Metazoa,Eumetazoa,Bilateria,Protostomia,Ecdysozoa,Panarthropoda,Arthropoda,Mandibulata,Pancrustacea,Hexapoda,Insecta,Dicondylia,Pterygota,Neoptera,Endopterygota,Coleoptera,Polyphaga,Cucujiformia,Chrysomeloidea,Cerambycidae,Lepturinae,Rhagiini,Rhamnusium,Rhamnusium bicolor,,,,,,,
23,GCF_012932325.1,161013,root,cellular organisms,Eukaryota,Opisthokonta,Metazoa,Eumetazoa,Bilateria,Protostomia,Ecdysozoa,Panarthropoda,Arthropoda,Mandibulata,Pancrustacea,Hexapoda,Insecta,Dicondylia,Pterygota,Neoptera,Paraneoptera,Thysanoptera,Terebrantia,Thripoidea,Thripidae,Thripinae,Thrips,Thrips palmi,,,,,,,,,
24,GCF_943737925.1,185578,root,cellular organisms,Eukaryota,Opisthokonta,Metazoa,Eumetazoa,Bilateria,Protostomia,Ecdysozoa,Panarthropoda,Arthropoda,Mandibulata,Pancrustacea,Hexapoda,Insecta,Dicondylia,Pterygota,Neoptera,Endopterygota,Diptera,Nematocera,Culicomorpha,Culicoidea,Culicidae,Anophelinae,Anopheles,Cellia,Neomyzomyia,ardensis group,nili species complex,Anopheles nili,,,,
25,GCF_905404315.1,189913,root,cellular organisms,Eukaryota,Opisthokonta,Metazoa,Eumetazoa,Bilateria,Protostomia,Ecdysozoa,Panarthropoda,Arthropoda,Mandibulata,Pancrustacea,Hexapoda,Insecta,Dicondylia,Pterygota,Neoptera,Endopterygota,Amphiesmenoptera,Lepidoptera,Glossata,Neolepidoptera,Heteroneura,Ditrysia,Obtectomera,Papilionoidea,Pieridae,Dismorphiinae,Leptidea,Leptidea sinapis,,,,
26,GCF_905333055.1,191418,root,cellular organisms,Eukaryota,Opisthokonta,Metazoa,Eumetazoa,Bilateria,Protostomia,Ecdysozoa,Panarthropoda,Arthropoda,Mandibulata,Pancrustacea,Hexapoda,Insecta,Dicondylia,Pterygota,Neoptera,Endopterygota,Amphiesmenoptera,Lepidoptera,Glossata,Neolepidoptera,Heteroneura,Ditrysia,Obtectomera,Papilionoidea,Nymphalidae,Satyrinae,Satyrini,Maniolina,Maniola,jurtina species complex,Maniola jurtina,
27,GCA_024500475.1,192464,root,cellular organisms,Eukaryota,Opisthokonta,Metazoa,Eumetazoa,Bilateria,Protostomia,Ecdysozoa,Panarthropoda,Arthropoda,Mandibulata,Pancrustacea,Hexapoda,Insecta,Dicondylia,Pterygota,Neoptera,Endopterygota,Amphiesmenoptera,Lepidoptera,Glossata,Neolepidoptera,Heteroneura,Ditrysia,Gelechioidea,Gelechiidae,Gelechiinae,Phthorimaea,Phthorimaea operculella,,,,,
28,GCF_021130785.1,197043,root,cellular organisms,Eukaryota,Opisthokonta,Metazoa,Eumetazoa,Bilateria,Protostomia,Ecdysozoa,Panarthropoda,Arthropoda,Mandibulata,Pancrustacea,Hexapoda,Insecta,Dicondylia,Pterygota,Neoptera,Paraneoptera,Hemiptera,Auchenorrhyncha,Cicadomorpha,Membracoidea,Cicadellidae,Cicadellinae,Proconiini,Homalodisca,Homalodisca vitripennis,,,,,,,
29,GCF_921293095.1,197161,root,cellular organisms,Eukaryota,Opisthokonta,Metazoa,Eumetazoa,Bilateria,Protostomia,Ecdysozoa,Panarthropoda,Arthropoda,Mandibulata,Pancrustacea,Hexapoda,Insecta,Dicondylia,Pterygota,Palaeoptera,Odonata,Zygoptera,Coenagrionoidea,Coenagrionidae,Ischnura,Ischnura elegans,,,,,,,,,,,
30,GCA_933228535.1,200917,root,cellular organisms,Eukaryota,Opisthokonta,Metazoa,Eumetazoa,Bilateria,Protostomia,Ecdysozoa,Panarthropoda,Arthropoda,Mandibulata,Pancrustacea,Hexapoda,Insecta,Dicondylia,Pterygota,Neoptera,Endopterygota,Coleoptera,Polyphaga,Cucujiformia,Chrysomeloidea,Chrysomelidae,Bruchinae,Bruchini,Acanthoscelides,Acanthoscelides obtectus,,,,,,,
31,GCF_912470025.1,202808,root,cellular organisms,Eukaryota,Opisthokonta,Metazoa,Eumetazoa,Bilateria,Protostomia,Ecdysozoa,Panarthropoda,Arthropoda,Mandibulata,Pancrustacea,Hexapoda,Insecta,Dicondylia,Pterygota,Neoptera,Endopterygota,Hymenoptera,Apocrita,Aculeata,Vespoidea,Vespidae,Vespinae,Vespa,Vespa velutina,,,,,,,,
32,GCF_000390285.2,217634,root,cellular organisms,Eukaryota,Opisthokonta,Metazoa,Eumetazoa,Bilateria,Protostomia,Ecdysozoa,Panarthropoda,Arthropoda,Mandibulata,Pancrustacea,Hexapoda,Insecta,Dicondylia,Pterygota,Neoptera,Endopterygota,Coleoptera,Polyphaga,Cucujiformia,Chrysomeloidea,Cerambycidae,Lamiinae,Lamiini,Anoplophora,Anoplophora glabripennis,,,,,,,
33,GCF_000699045.2,224129,root,cellular organisms,Eukaryota,Opisthokonta,Metazoa,Eumetazoa,Bilateria,Protostomia,Ecdysozoa,Panarthropoda,Arthropoda,Mandibulata,Pancrustacea,Hexapoda,Insecta,Dicondylia,Pterygota,Neoptera,Endopterygota,Coleoptera,Polyphaga,Elateriformia,Buprestoidea,Buprestidae,Agrilinae,Agrilus,Agrilus planipennis,,,,,,,,
34,GCA_927349885.1,2598218,root,cellular organisms,Eukaryota,Opisthokonta,Metazoa,Eumetazoa,Bilateria,Protostomia,Ecdysozoa,Panarthropoda,Arthropoda,Mandibulata,Pancrustacea,Hexapoda,Insecta,Dicondylia,Pterygota,Neoptera,Endopterygota,Coleoptera,Polyphaga,Cucujiformia,Chrysomeloidea,Chrysomelidae,Galerucinae,Alticini,Psylliodes,Psylliodes chrysocephala,,,,,,,
35,GCF_023864275.1,274614,root,cellular organisms,Eukaryota,Opisthokonta,Metazoa,Eumetazoa,Bilateria,Protostomia,Ecdysozoa,Panarthropoda,Arthropoda,Mandibulata,Pancrustacea,Hexapoda,Insecta,Dicondylia,Pterygota,Neoptera,Polyneoptera,Orthoptera,Caelifera,Acrididea,Acridomorpha,Acridoidea,Acrididae,Cyrtacanthacridinae,Schistocerca,Schistocerca cancellata,,,,,,,
36,GCA_023678865.1,27506,root,cellular organisms,Eukaryota,Opisthokonta,Metazoa,Eumetazoa,Bilateria,Protostomia,Ecdysozoa,Panarthropoda,Arthropoda,Mandibulata,Pancrustacea,Hexapoda,Insecta,Dicondylia,Pterygota,Neoptera,Endopterygota,Hymenoptera,Apocrita,Aculeata,Vespoidea,Vespidae,Polistinae,Polistini,Polistes,Polistes exclamans,,,,,,,
37,GCF_009731565.1,278856,root,cellular organisms,Eukaryota,Opisthokonta,Metazoa,Eumetazoa,Bilateria,Protostomia,Ecdysozoa,Panarthropoda,Arthropoda,Mandibulata,Pancrustacea,Hexapoda,Insecta,Dicondylia,Pterygota,Neoptera,Endopterygota,Amphiesmenoptera,Lepidoptera,Glossata,Neolepidoptera,Heteroneura,Ditrysia,Obtectomera,Papilionoidea,Nymphalidae,Danainae,Danaini,Danaina,Danaus,Danaus,Danaus plexippus,Danaus plexippus plexippus
38,GCF_000696795.2,286706,root,cellular organisms,Eukaryota,Opisthokonta,Metazoa,Eumetazoa,Bilateria,Protostomia,Ecdysozoa,Panarthropoda,Arthropoda,Mandibulata,Pancrustacea,Hexapoda,Insecta,Dicondylia,Pterygota,Neoptera,Paraneoptera,Hemiptera,Prosorrhyncha,Heteroptera,Euheteroptera,Neoheteroptera,Panheteroptera,Pentatomomorpha,Pentatomoidea,Pentatomidae,Pentatominae,Halyomorpha,Halyomorpha halys,,,,
39,GCF_021155785.1,2872261,root,cellular organisms,Eukaryota,Opisthokonta,Metazoa,Eumetazoa,Bilateria,Protostomia,Ecdysozoa,Panarthropoda,Arthropoda,Mandibulata,Pancrustacea,Hexapoda,Insecta,Dicondylia,Pterygota,Neoptera,Endopterygota,Hymenoptera,Tenthredinoidea,Diprionidae,Diprioninae,Neodiprion,Neodiprion fabricii,,,,,,,,,,
40,GCF_024763615.1,29031,root,cellular organisms,Eukaryota,Opisthokonta,Metazoa,Eumetazoa,Bilateria,Protostomia,Ecdysozoa,Panarthropoda,Arthropoda,Mandibulata,Pancrustacea,Hexapoda,Insecta,Dicondylia,Pterygota,Neoptera,Endopterygota,Diptera,Nematocera,Psychodomorpha,Psychodoidea,Psychodidae,Phlebotominae,Phlebotomus,Phlebotomus,Phlebotomus papatasi,,,,,,,
41,GCF_023701775.1,29058,root,cellular organisms,Eukaryota,Opisthokonta,Metazoa,Eumetazoa,Bilateria,Protostomia,Ecdysozoa,Panarthropoda,Arthropoda,Mandibulata,Pancrustacea,Hexapoda,Insecta,Dicondylia,Pterygota,Neoptera,Endopterygota,Amphiesmenoptera,Lepidoptera,Glossata,Neolepidoptera,Heteroneura,Ditrysia,Obtectomera,Noctuoidea,Noctuidae,Heliothinae,Helicoverpa,Helicoverpa armigera,,,,
42,GCF_021901495.1,2961670,root,cellular organisms,Eukaryota,Opisthokonta,Metazoa,Eumetazoa,Bilateria,Protostomia,Ecdysozoa,Panarthropoda,Arthropoda,Mandibulata,Pancrustacea,Hexapoda,Insecta,Dicondylia,Pterygota,Neoptera,Endopterygota,Hymenoptera,Tenthredinoidea,Diprionidae,Diprioninae,Neodiprion,Neodiprion virginianus,,,,,,,,,,
43,GCF_010416935.1,30207,root,cellular organisms,Eukaryota,Opisthokonta,Metazoa,Eumetazoa,Bilateria,Protostomia,Ecdysozoa,Panarthropoda,Arthropoda,Mandibulata,Pancrustacea,Hexapoda,Insecta,Dicondylia,Pterygota,Neoptera,Endopterygota,Hymenoptera,Apocrita,Aculeata,Vespoidea,Vespidae,Polistinae,Polistini,Polistes,Polistes fuscatus,,,,,,,
44,GCF_014466175.1,30213,root,cellular organisms,Eukaryota,Opisthokonta,Metazoa,Eumetazoa,Bilateria,Protostomia,Ecdysozoa,Panarthropoda,Arthropoda,Mandibulata,Pancrustacea,Hexapoda,Insecta,Dicondylia,Pterygota,Neoptera,Endopterygota,Hymenoptera,Apocrita,Aculeata,Vespoidea,Vespidae,Vespinae,Vespula,Vespula pensylvanica,,,,,,,,
45,GCF_002938995.1,334116,root,cellular organisms,Eukaryota,Opisthokonta,Metazoa,Eumetazoa,Bilateria,Protostomia,Ecdysozoa,Panarthropoda,Arthropoda,Mandibulata,Pancrustacea,Hexapoda,Insecta,Dicondylia,Pterygota,Neoptera,Endopterygota,Amphiesmenoptera,Lepidoptera,Glossata,Neolepidoptera,Heteroneura,Ditrysia,Obtectomera,Papilionoidea,Nymphalidae,Nymphalinae,Nymphalini,Vanessa,Vanessa tameamea,,,
46,GCA_905332375.1,345717,root,cellular organisms,Eukaryota,Opisthokonta,Metazoa,Eumetazoa,Bilateria,Protostomia,Ecdysozoa,Panarthropoda,Arthropoda,Mandibulata,Pancrustacea,Hexapoda,Insecta,Dicondylia,Pterygota,Neoptera,Endopterygota,Amphiesmenoptera,Lepidoptera,Glossata,Neolepidoptera,Heteroneura,Ditrysia,Obtectomera,Papilionoidea,Pieridae,Pierinae,Pierini,Pieris,Pieris macdunnoughi,,,
47,GCA_013340265.1,36987,root,cellular organisms,Eukaryota,Opisthokonta,Metazoa,Eumetazoa,Bilateria,Protostomia,Ecdysozoa,Panarthropoda,Arthropoda,Mandibulata,Pancrustacea,Hexapoda,Insecta,Dicondylia,Pterygota,Neoptera,Polyneoptera,Dictyoptera,Blattodea,Blattoidea,Termitoidae,Rhinotermitidae,Coptotermitinae,Coptotermes,Coptotermes formosanus,,,,,,,,
48,GCA_947858975.1,380381,root,cellular organisms,Eukaryota,Opisthokonta,Metazoa,Eumetazoa,Bilateria,Protostomia,Ecdysozoa,Panarthropoda,Arthropoda,Mandibulata,Pancrustacea,Hexapoda,Insecta,Dicondylia,Pterygota,Neoptera,Endopterygota,Coleoptera,Polyphaga,Cucujiformia,Chrysomeloidea,Chrysomelidae,Bruchinae,Bruchini,Callosobruchus,Callosobruchus analis,,,,,,,
49,GCF_907165205.1,41139,root,cellular organisms,Eukaryota,Opisthokonta,Metazoa,Eumetazoa,Bilateria,Protostomia,Ecdysozoa,Panarthropoda,Arthropoda,Mandibulata,Pancrustacea,Hexapoda,Insecta,Dicondylia,Pterygota,Neoptera,Endopterygota,Coleoptera,Polyphaga,Cucujiformia,Coccinelloidea,Coccinellidae,Coccinellinae,Coccinellini,Coccinella,Coccinella septempunctata,,,,,,,
50,GCF_021901455.1,441921,root,cellular organisms,Eukaryota,Opisthokonta,Metazoa,Eumetazoa,Bilateria,Protostomia,Ecdysozoa,Panarthropoda,Arthropoda,Mandibulata,Pancrustacea,Hexapoda,Insecta,Dicondylia,Pterygota,Neoptera,Endopterygota,Hymenoptera,Tenthredinoidea,Diprionidae,Diprioninae,Neodiprion,Neodiprion lecontei,,,,,,,,,,
51,GCF_021155775.1,441929,root,cellular organisms,Eukaryota,Opisthokonta,Metazoa,Eumetazoa,Bilateria,Protostomia,Ecdysozoa,Panarthropoda,Arthropoda,Mandibulata,Pancrustacea,Hexapoda,Insecta,Dicondylia,Pterygota,Neoptera,Endopterygota,Hymenoptera,Tenthredinoidea,Diprionidae,Diprioninae,Neodiprion,Neodiprion pinetum,,,,,,,,,,
52,GCF_917563875.1,50390,root,cellular organisms,Eukaryota,Opisthokonta,Metazoa,Eumetazoa,Bilateria,Protostomia,Ecdysozoa,Panarthropoda,Arthropoda,Mandibulata,Pancrustacea,Hexapoda,Insecta,Dicondylia,Pterygota,Neoptera,Endopterygota,Coleoptera,Polyphaga,Cucujiformia,Chrysomeloidea,Chrysomelidae,Galerucinae,Luperini,Diabroticina,Diabroticites,Diabrotica,Diabrotica virgifera,Diabrotica virgifera virgifera,,,,
53,GCF_932276165.1,51655,root,cellular organisms,Eukaryota,Opisthokonta,Metazoa,Eumetazoa,Bilateria,Protostomia,Ecdysozoa,Panarthropoda,Arthropoda,Mandibulata,Pancrustacea,Hexapoda,Insecta,Dicondylia,Pterygota,Neoptera,Endopterygota,Amphiesmenoptera,Lepidoptera,Glossata,Neolepidoptera,Heteroneura,Ditrysia,Yponomeutoidea,Plutellidae,Plutella,Plutella xylostella,,,,,,
54,GCF_027563975.1,58824,root,cellular organisms,Eukaryota,Opisthokonta,Metazoa,Eumetazoa,Bilateria,Protostomia,Ecdysozoa,Panarthropoda,Arthropoda,Mandibulata,Pancrustacea,Hexapoda,Insecta,Dicondylia,Pterygota,Neoptera,Endopterygota,Amphiesmenoptera,Lepidoptera,Glossata,Neolepidoptera,Heteroneura,Ditrysia,Obtectomera,Pyraloidea,Pyralidae,Phycitinae,Plodia,Plodia interpunctella,,,,
55,GCA_018342105.1,63699,root,cellular organisms,Eukaryota,Opisthokonta,Metazoa,Eumetazoa,Bilateria,Protostomia,Ecdysozoa,Panarthropoda,Arthropoda,Mandibulata,Pancrustacea,Hexapoda,Insecta,Dicondylia,Pterygota,Neoptera,Endopterygota,Coleoptera,Polyphaga,Cucujiformia,Chrysomeloidea,Chrysomelidae,Chrysomelinae,Chrysomelini,Gonioctena,Gonioctena quinquepunctata,,,,,,,
56,GCF_000836235.2,66420,root,cellular organisms,Eukaryota,Opisthokonta,Metazoa,Eumetazoa,Bilateria,Protostomia,Ecdysozoa,Panarthropoda,Arthropoda,Mandibulata,Pancrustacea,Hexapoda,Insecta,Dicondylia,Pterygota,Neoptera,Endopterygota,Amphiesmenoptera,Lepidoptera,Glossata,Neolepidoptera,Heteroneura,Ditrysia,Obtectomera,Papilionoidea,Papilionidae,Papilioninae,Papilionini,Papilio,Papilio xuthus,,,
57,GCA_029852875.1,667449,root,cellular organisms,Eukaryota,Opisthokonta,Metazoa,Eumetazoa,Bilateria,Protostomia,Ecdysozoa,Panarthropoda,Arthropoda,Mandibulata,Pancrustacea,Hexapoda,Insecta,Dicondylia,Pterygota,Neoptera,Endopterygota,Amphiesmenoptera,Lepidoptera,Glossata,Neolepidoptera,Heteroneura,Ditrysia,Obtectomera,Noctuoidea,Noctuidae,Hadeninae,Mythimna,Mythimna loreyi,,,,
58,GCF_001186105.1,680683,root,cellular organisms,Eukaryota,Opisthokonta,Metazoa,Eumetazoa,Bilateria,Protostomia,Ecdysozoa,Panarthropoda,Arthropoda,Mandibulata,Pancrustacea,Hexapoda,Insecta,Dicondylia,Pterygota,Neoptera,Endopterygota,Amphiesmenoptera,Lepidoptera,Glossata,Neolepidoptera,Heteroneura,Ditrysia,Obtectomera,Pyraloidea,Pyralidae,Phycitinae,Amyelois,Amyelois transitella,,,,
59,GCF_030625045.1,688607,root,cellular organisms,Eukaryota,Opisthokonta,Metazoa,Eumetazoa,Bilateria,Protostomia,Ecdysozoa,Panarthropoda,Arthropoda,Mandibulata,Pancrustacea,Hexapoda,Insecta,Dicondylia,Pterygota,Neoptera,Endopterygota,Amphiesmenoptera,Lepidoptera,Glossata,Neolepidoptera,Heteroneura,Ditrysia,Obtectomera,Pyraloidea,Pyralidae,Galleriinae,Achroia,Achroia grisella,,,,
60,GCF_002706865.2,69820,root,cellular organisms,Eukaryota,Opisthokonta,Metazoa,Eumetazoa,Bilateria,Protostomia,Ecdysozoa,Panarthropoda,Arthropoda,Mandibulata,Pancrustacea,Hexapoda,Insecta,Dicondylia,Pterygota,Neoptera,Endopterygota,Amphiesmenoptera,Lepidoptera,Glossata,Neolepidoptera,Heteroneura,Ditrysia,Obtectomera,Noctuoidea,Noctuidae,Amphipyrinae,Spodoptera,Spodoptera litura,,,,
61,GCA_030220185.1,6984,root,cellular organisms,Eukaryota,Opisthokonta,Metazoa,Eumetazoa,Bilateria,Protostomia,Ecdysozoa,Panarthropoda,Arthropoda,Mandibulata,Pancrustacea,Hexapoda,Insecta,Dicondylia,Pterygota,Neoptera,Polyneoptera,Dictyoptera,Blattodea,Blaberoidea,Blaberidae,Diplopterinae,Diploptera,Diploptera punctata,,,,,,,,,
62,GCA_017312745.1,6999,root,cellular organisms,Eukaryota,Opisthokonta,Metazoa,Eumetazoa,Bilateria,Protostomia,Ecdysozoa,Panarthropoda,Arthropoda,Mandibulata,Pancrustacea,Hexapoda,Insecta,Dicondylia,Pterygota,Neoptera,Polyneoptera,Orthoptera,Ensifera,Gryllidea,Grylloidea,Gryllidae,Gryllinae,Gryllus,Gryllus bimaculatus,,,,,,,,
63,GCF_023898315.1,7011,root,cellular organisms,Eukaryota,Opisthokonta,Metazoa,Eumetazoa,Bilateria,Protostomia,Ecdysozoa,Panarthropoda,Arthropoda,Mandibulata,Pancrustacea,Hexapoda,Insecta,Dicondylia,Pterygota,Neoptera,Polyneoptera,Orthoptera,Caelifera,Acrididea,Acridomorpha,Acridoidea,Acrididae,Cyrtacanthacridinae,Schistocerca,Schistocerca nitens,,,,,,,
64,GCA_027580185.1,702717,root,cellular organisms,Eukaryota,Opisthokonta,Metazoa,Eumetazoa,Bilateria,Protostomia,Ecdysozoa,Panarthropoda,Arthropoda,Mandibulata,Pancrustacea,Hexapoda,Insecta,Dicondylia,Pterygota,Neoptera,Endopterygota,Amphiesmenoptera,Lepidoptera,Glossata,Neolepidoptera,Heteroneura,Ditrysia,Gelechioidea,Gelechiidae,Gelechiinae,Tuta,Tuta absoluta,,,,,
65,GCF_001854935.1,7038,root,cellular organisms,Eukaryota,Opisthokonta,Metazoa,Eumetazoa,Bilateria,Protostomia,Ecdysozoa,Panarthropoda,Arthropoda,Mandibulata,Pancrustacea,Hexapoda,Insecta,Dicondylia,Pterygota,Neoptera,Paraneoptera,Hemiptera,Sternorrhyncha,Aleyrodoidea,Aleyrodidae,Aleyrodinae,Bemisia,Bemisia tabaci,,,,,,,,,
66,GCF_002938485.1,7048,root,cellular organisms,Eukaryota,Opisthokonta,Metazoa,Eumetazoa,Bilateria,Protostomia,Ecdysozoa,Panarthropoda,Arthropoda,Mandibulata,Pancrustacea,Hexapoda,Insecta,Dicondylia,Pterygota,Neoptera,Endopterygota,Coleoptera,Polyphaga,Cucujiformia,Curculionoidea,Curculionidae,Dryophthorinae,Sitophilus,Sitophilus oryzae,,,,,,,,
67,GCF_014905235.1,7091,root,cellular organisms,Eukaryota,Opisthokonta,Metazoa,Eumetazoa,Bilateria,Protostomia,Ecdysozoa,Panarthropoda,Arthropoda,Mandibulata,Pancrustacea,Hexapoda,Insecta,Dicondylia,Pterygota,Neoptera,Endopterygota,Amphiesmenoptera,Lepidoptera,Glossata,Neolepidoptera,Heteroneura,Ditrysia,Obtectomera,Bombycoidea,Bombycidae,Bombycinae,Bombyx,Bombyx mori,,,,
68,GCF_003987935.1,7092,root,cellular organisms,Eukaryota,Opisthokonta,Metazoa,Eumetazoa,Bilateria,Protostomia,Ecdysozoa,Panarthropoda,Arthropoda,Mandibulata,Pancrustacea,Hexapoda,Insecta,Dicondylia,Pterygota,Neoptera,Endopterygota,Amphiesmenoptera,Lepidoptera,Glossata,Neolepidoptera,Heteroneura,Ditrysia,Obtectomera,Bombycoidea,Bombycidae,Bombycinae,Bombyx,Bombyx mandarina,,,,
69,GCA_902829305.4,7107,root,cellular organisms,Eukaryota,Opisthokonta,Metazoa,Eumetazoa,Bilateria,Protostomia,Ecdysozoa,Panarthropoda,Arthropoda,Mandibulata,Pancrustacea,Hexapoda,Insecta,Dicondylia,Pterygota,Neoptera,Endopterygota,Amphiesmenoptera,Lepidoptera,Glossata,Neolepidoptera,Heteroneura,Ditrysia,Obtectomera,Noctuoidea,Noctuidae,Amphipyrinae,Spodoptera,Spodoptera exigua,,,,
70,GCF_023101765.2,7108,root,cellular organisms,Eukaryota,Opisthokonta,Metazoa,Eumetazoa,Bilateria,Protostomia,Ecdysozoa,Panarthropoda,Arthropoda,Mandibulata,Pancrustacea,Hexapoda,Insecta,Dicondylia,Pterygota,Neoptera,Endopterygota,Amphiesmenoptera,Lepidoptera,Glossata,Neolepidoptera,Heteroneura,Ditrysia,Obtectomera,Noctuoidea,Noctuidae,Amphipyrinae,Spodoptera,Spodoptera frugiperda,,,,
71,GCF_022581195.2,7113,root,cellular organisms,Eukaryota,Opisthokonta,Metazoa,Eumetazoa,Bilateria,Protostomia,Ecdysozoa,Panarthropoda,Arthropoda,Mandibulata,Pancrustacea,Hexapoda,Insecta,Dicondylia,Pterygota,Neoptera,Endopterygota,Amphiesmenoptera,Lepidoptera,Glossata,Neolepidoptera,Heteroneura,Ditrysia,Obtectomera,Noctuoidea,Noctuidae,Heliothinae,Helicoverpa,Helicoverpa zea,,,,
72,GCF_905147105.1,7116,root,cellular organisms,Eukaryota,Opisthokonta,Metazoa,Eumetazoa,Bilateria,Protostomia,Ecdysozoa,Panarthropoda,Arthropoda,Mandibulata,Pancrustacea,Hexapoda,Insecta,Dicondylia,Pterygota,Neoptera,Endopterygota,Amphiesmenoptera,Lepidoptera,Glossata,Neolepidoptera,Heteroneura,Ditrysia,Obtectomera,Papilionoidea,Pieridae,Pierinae,Pierini,Pieris,Pieris brassicae,,,
73,GCF_014839805.1,7130,root,cellular organisms,Eukaryota,Opisthokonta,Metazoa,Eumetazoa,Bilateria,Protostomia,Ecdysozoa,Panarthropoda,Arthropoda,Mandibulata,Pancrustacea,Hexapoda,Insecta,Dicondylia,Pterygota,Neoptera,Endopterygota,Amphiesmenoptera,Lepidoptera,Glossata,Neolepidoptera,Heteroneura,Ditrysia,Obtectomera,Bombycoidea,Sphingidae,Sphinginae,Sphingini,Manduca,Manduca sexta,,,
74,GCF_026898425.1,7137,root,cellular organisms,Eukaryota,Opisthokonta,Metazoa,Eumetazoa,Bilateria,Protostomia,Ecdysozoa,Panarthropoda,Arthropoda,Mandibulata,Pancrustacea,Hexapoda,Insecta,Dicondylia,Pterygota,Neoptera,Endopterygota,Amphiesmenoptera,Lepidoptera,Glossata,Neolepidoptera,Heteroneura,Ditrysia,Obtectomera,Pyraloidea,Pyralidae,Galleriinae,Galleria,Galleria mellonella,,,,
75,GCA_025370935.1,7141,root,cellular organisms,Eukaryota,Opisthokonta,Metazoa,Eumetazoa,Bilateria,Protostomia,Ecdysozoa,Panarthropoda,Arthropoda,Mandibulata,Pancrustacea,Hexapoda,Insecta,Dicondylia,Pterygota,Neoptera,Endopterygota,Amphiesmenoptera,Lepidoptera,Glossata,Neolepidoptera,Heteroneura,Ditrysia,Apoditrysia,Tortricoidea,Tortricidae,Tortricinae,Archipini,Choristoneura,Choristoneura fumiferana,,,
76,GCF_003285905.1,7224,root,cellular organisms,Eukaryota,Opisthokonta,Metazoa,Eumetazoa,Bilateria,Protostomia,Ecdysozoa,Panarthropoda,Arthropoda,Mandibulata,Pancrustacea,Hexapoda,Insecta,Dicondylia,Pterygota,Neoptera,Endopterygota,Diptera,Brachycera,Muscomorpha,Eremoneura,Cyclorrhapha,Schizophora,Acalyptratae,Ephydroidea,Drosophilidae,Drosophilinae,Drosophilini,Drosophila,Drosophila,repleta group,hydei subgroup,Drosophila hydei
77,GCF_905220415.1,72248,root,cellular organisms,Eukaryota,Opisthokonta,Metazoa,Eumetazoa,Bilateria,Protostomia,Ecdysozoa,Panarthropoda,Arthropoda,Mandibulata,Pancrustacea,Hexapoda,Insecta,Dicondylia,Pterygota,Neoptera,Endopterygota,Amphiesmenoptera,Lepidoptera,Glossata,Neolepidoptera,Heteroneura,Ditrysia,Obtectomera,Papilionoidea,Pieridae,Coliadinae,Colias,Colias croceus,,,,
78,GCF_028750875.1,74068,root,cellular organisms,Eukaryota,Opisthokonta,Metazoa,Eumetazoa,Bilateria,Protostomia,Ecdysozoa,Panarthropoda,Arthropoda,Mandibulata,Pancrustacea,Hexapoda,Insecta,Dicondylia,Pterygota,Neoptera,Paraneoptera,Hemiptera,Auchenorrhyncha,Cicadomorpha,Membracoidea,Cicadellidae,Deltocephalinae,Macrosteles,Macrosteles quadrilineatus,,,,,,,,
79,GCF_001465965.1,743375,root,cellular organisms,Eukaryota,Opisthokonta,Metazoa,Eumetazoa,Bilateria,Protostomia,Ecdysozoa,Panarthropoda,Arthropoda,Mandibulata,Pancrustacea,Hexapoda,Insecta,Dicondylia,Pterygota,Neoptera,Endopterygota,Hymenoptera,Apocrita,Aculeata,Vespoidea,Vespidae,Polistinae,Polistini,Polistes,Polistes dominula,,,,,,,
80,GCF_910589235.1,7445,root,cellular organisms,Eukaryota,Opisthokonta,Metazoa,Eumetazoa,Bilateria,Protostomia,Ecdysozoa,Panarthropoda,Arthropoda,Mandibulata,Pancrustacea,Hexapoda,Insecta,Dicondylia,Pterygota,Neoptera,Endopterygota,Hymenoptera,Apocrita,Aculeata,Vespoidea,Vespidae,Vespinae,Vespa,Vespa crabro,,,,,,,,
81,GCF_014083535.2,7446,root,cellular organisms,Eukaryota,Opisthokonta,Metazoa,Eumetazoa,Bilateria,Protostomia,Ecdysozoa,Panarthropoda,Arthropoda,Mandibulata,Pancrustacea,Hexapoda,Insecta,Dicondylia,Pterygota,Neoptera,Endopterygota,Hymenoptera,Apocrita,Aculeata,Vespoidea,Vespidae,Vespinae,Vespa,Vespa mandarinia,,,,,,,,
82,GCF_000500325.1,7539,root,cellular organisms,Eukaryota,Opisthokonta,Metazoa,Eumetazoa,Bilateria,Protostomia,Ecdysozoa,Panarthropoda,Arthropoda,Mandibulata,Pancrustacea,Hexapoda,Insecta,Dicondylia,Pterygota,Neoptera,Endopterygota,Coleoptera,Polyphaga,Cucujiformia,Chrysomeloidea,Chrysomelidae,Chrysomelinae,Doryphorini,Leptinotarsa,Leptinotarsa decemlineata,,,,,,,
83,GCA_019925095.2,765133,root,cellular organisms,Eukaryota,Opisthokonta,Metazoa,Eumetazoa,Bilateria,Protostomia,Ecdysozoa,Panarthropoda,Arthropoda,Mandibulata,Pancrustacea,Hexapoda,Insecta,Dicondylia,Pterygota,Neoptera,Endopterygota,Amphiesmenoptera,Lepidoptera,Glossata,Neolepidoptera,Heteroneura,Ditrysia,Obtectomera,Bombycoidea,Lasiocampidae,Lasiocampinae,Dendrolimus,Dendrolimus kikuchii,,,,
84,GCF_905475465.1,78633,root,cellular organisms,Eukaryota,Opisthokonta,Metazoa,Eumetazoa,Bilateria,Protostomia,Ecdysozoa,Panarthropoda,Arthropoda,Mandibulata,Pancrustacea,Hexapoda,Insecta,Dicondylia,Pterygota,Neoptera,Endopterygota,Amphiesmenoptera,Lepidoptera,Glossata,Neolepidoptera,Heteroneura,Ditrysia,Obtectomera,Papilionoidea,Pieridae,Pierinae,Pierini,Pieris,Pieris napi,,,
85,GCA_918026855.4,80249,root,cellular organisms,Eukaryota,Opisthokonta,Metazoa,Eumetazoa,Bilateria,Protostomia,Ecdysozoa,Panarthropoda,Arthropoda,Mandibulata,Pancrustacea,Hexapoda,Insecta,Dicondylia,Pterygota,Neoptera,Endopterygota,Coleoptera,Polyphaga,Cucujiformia,Chrysomeloidea,Chrysomelidae,Chrysomelinae,Chrysomelini,Phaedon,Phaedon cochleariae,,,,,,,
86,GCA_928085145.1,85310,root,cellular organisms,Eukaryota,Opisthokonta,Metazoa,Eumetazoa,Bilateria,Protostomia,Ecdysozoa,Panarthropoda,Arthropoda,Mandibulata,Pancrustacea,Hexapoda,Insecta,Dicondylia,Pterygota,Neoptera,Paraneoptera,Hemiptera,Prosorrhyncha,Heteroptera,Euheteroptera,Neoheteroptera,Panheteroptera,Pentatomomorpha,Pentatomoidea,Pentatomidae,Pentatominae,Nezara,Nezara viridula,,,,
87,GCA_023678845.1,91405,root,cellular organisms,Eukaryota,Opisthokonta,Metazoa,Eumetazoa,Bilateria,Protostomia,Ecdysozoa,Panarthropoda,Arthropoda,Mandibulata,Pancrustacea,Hexapoda,Insecta,Dicondylia,Pterygota,Neoptera,Endopterygota,Hymenoptera,Apocrita,Aculeata,Vespoidea,Vespidae,Polistinae,Mischocyttarini,Mischocyttarus,Mischocyttarus mexicanus,,,,,,,
88,GCF_001313835.1,91411,root,cellular organisms,Eukaryota,Opisthokonta,Metazoa,Eumetazoa,Bilateria,Protostomia,Ecdysozoa,Panarthropoda,Arthropoda,Mandibulata,Pancrustacea,Hexapoda,Insecta,Dicondylia,Pterygota,Neoptera,Endopterygota,Hymenoptera,Apocrita,Aculeata,Vespoidea,Vespidae,Polistinae,Polistini,Polistes,Polistes canadensis,,,,,,,
89,GCF_905147365.1,91739,root,cellular organisms,Eukaryota,Opisthokonta,Metazoa,Eumetazoa,Bilateria,Protostomia,Ecdysozoa,Panarthropoda,Arthropoda,Mandibulata,Pancrustacea,Hexapoda,Insecta,Dicondylia,Pterygota,Neoptera,Endopterygota,Amphiesmenoptera,Lepidoptera,Glossata,Neolepidoptera,Heteroneura,Ditrysia,Obtectomera,Papilionoidea,Lycaenidae,Polyommatinae,Aricia,Aricia agestis,,,,
90,GCF_004193835.3,93504,root,cellular organisms,Eukaryota,Opisthokonta,Metazoa,Eumetazoa,Bilateria,Protostomia,Ecdysozoa,Panarthropoda,Arthropoda,Mandibulata,Pancrustacea,Hexapoda,Insecta,Dicondylia,Pterygota,Neoptera,Endopterygota,Amphiesmenoptera,Lepidoptera,Glossata,Neolepidoptera,Heteroneura,Ditrysia,Obtectomera,Pyraloidea,Crambidae,Pyraustinae,Ostrinia,Ostrinia furnacalis,,,,
